{
  "test/integration/pages/RisksList.js.map": 1706384307449,
  "test/integration/pages/RisksList.js": 1706375656717,
  "test/integration/pages/RisksObjectPage.js": 1706375656717,
  "test/integration/opaTests.qunit.js": 1706375656673,
  "test/integration/FirstJourney.js": 1706375656817,
  "test/testsuite.qunit.js": 1706375656625,
  "xs-app.json": 1706384296941,
  "manifest.json": 1706384296989,
  "Component.js": 1706375656505,
  "test/integration/FirstJourney-dbg.js": 1706375656817,
  "test/integration/FirstJourney.js.map": 1706384307502,
  "test/integration/pages/RisksObjectPage-dbg.js": 1706375656717,
  "test/integration/pages/RisksObjectPage.js.map": 1706384307498,
  "test/integration/opaTests.qunit-dbg.js": 1706375656673,
  "test/integration/opaTests.qunit.js.map": 1706384307481,
  "test/integration/pages/RisksList-dbg.js": 1706375656717,
  "i18n/i18n.properties": 1706375759803,
  "test/testsuite.qunit-dbg.js": 1706375656625,
  "test/testsuite.qunit.js.map": 1706384307486,
  "Component-dbg.js": 1706375656505,
  "Component.js.map": 1706384307484,
  "Component-preload.js": 1706384307627,
  "Component-preload.js.map": 1706384307627,
  "test/integration/opaTests.qunit.html": 1706375656641,
  "test/testsuite.qunit.html": 1706375656617,
  "test/flpSandbox.html": 1706375656609,
  "index.html": 1706375656505
}