{
  "test/testsuite.qunit.js": 1706375656625,
  "test/integration/pages/RisksObjectPage.js": 1706375656717,
  "test/integration/pages/RisksList.js": 1706375656717,
  "test/integration/opaTests.qunit.js": 1706375656673,
  "test/integration/FirstJourney.js": 1706375656817,
  "i18n/i18n.properties": 1706375759803,
  "xs-app.json": 1706535740957,
  "manifest.json": 1706535741001,
  "Component.js": 1706375656505,
  "Component-dbg.js": 1706375656505,
  "Component.js.map": 1706535757293,
  "test/integration/pages/RisksList-dbg.js": 1706375656717,
  "test/integration/pages/RisksList.js.map": 1706535757291,
  "test/integration/opaTests.qunit-dbg.js": 1706375656673,
  "test/integration/opaTests.qunit.js.map": 1706535757292,
  "test/integration/FirstJourney-dbg.js": 1706375656817,
  "test/integration/FirstJourney.js.map": 1706535757295,
  "test/testsuite.qunit-dbg.js": 1706375656625,
  "test/testsuite.qunit.js.map": 1706535757348,
  "test/integration/pages/RisksObjectPage-dbg.js": 1706375656717,
  "test/integration/pages/RisksObjectPage.js.map": 1706535757297,
  "Component-preload.js": 1706535757468,
  "Component-preload.js.map": 1706535757468,
  "test/integration/opaTests.qunit.html": 1706375656641,
  "test/testsuite.qunit.html": 1706375656617,
  "test/flpSandbox.html": 1706375656609,
  "index.html": 1706375656505
}